,σ,lpn_mse,ne_mse
0,0.05,0.0003627587809751276,0.004465053121675737
1,0.1,0.0008424743081559427,0.00460209647542797
2,0.2,0.003964759369846433,0.00803586310474202
3,0.3,0.018645004853606224,0.014684960087761283
