,σ,lpn_mse,ne_mse
0,0.05,0.000383513897388184,0.004917675825359766
1,0.1,0.0008928503273637034,0.005228820089425426
2,0.15,0.0018781284492579288,0.006531407410046086
3,0.2,0.004045294652110897,0.008755635026376694
4,0.25,0.009074112109839915,0.011746967214159668
5,0.3,0.01855985498894006,0.015323457778431476
